{"Mad_as_a_March_Aardvark": {"WarrenTheAardvark 2": [32672.0, [[16384, 16288], [16384, 16288], [16288, 16384], [16288, 16384], [16384, 16288], [16288, 16384], [16352, 16320], [16336, 16336]]], "Ignorant Brits": [96.0, [[0, 96], [0, 96], [96, 0], [96, 0], [0, 96], [96, 0], [32, 64], [48, 48]]]}, "Mad_as_a_March_Llama": {"max_littman 1": [250.1666666666667, [[198, 79], [155, 122], [183, 94], [263, 14], [171, 106], [76, 201], [217, 60], [94, 183]]], "MorganN": [514.5, [[38, 525], [286, 277], [389, 174], [418, 145], [480, 83], [447, 116], [365, 198], [488, 75]]], "By Duke Points": [142.66666666666663, [[99, 66], [106, 59], [0, 165], [135, 30], [123, 42], [40, 125], [127, 38], [165, 0]]], "Zion’s Shoe-In": [55.83333333333333, [[45, 16], [30, 31], [33, 28], [0, 61], [52, 9], [49, 12], [61, 0], [37, 24]]], "WarrenTheAardvark 1": [176.0, [[148, 51], [182, 17], [197, 2], [56, 143], [63, 136], [84, 115], [164, 35], [134, 65]]], "LVPiscator 2": [17.166666666666668, [[25, 0], [0, 25], [25, 0], [25, 0], [1, 24], [10, 15], [23, 2], [11, 14]]], "Fightin' Feingershes": [218.5, [[166, 64], [132, 98], [10, 220], [142, 88], [107, 123], [230, 0], [176, 54], [196, 34]]], "thedonknowles 1": [1304.6666666666665, [[735, 593], [785, 543], [72, 1256], [852, 476], [512, 816], [521, 807], [1200, 128], [548, 780]]], "Riabound": [50.5, [[43, 19], [26, 36], [62, 0], [17, 45], [46, 16], [32, 30], [62, 0], [30, 32]]], "usc water polo team": [268.8666666666667, [[220, 64], [152, 132], [1, 283], [46, 238], [68, 216], [74, 210], [204, 80], [263, 21]]], "Manifest Dynasty": [402.66666666666663, [[220, 208], [275, 153], [287, 141], [82, 346], [381, 47], [108, 320], [308, 120], [173, 255]]], "shogins": [482.66666666666663, [[203, 308], [183, 328], [415, 96], [343, 168], [166, 345], [122, 389], [501, 10], [220, 291]]], "SantoA": [73.0, [[96, 5], [44, 57], [85, 16], [16, 85], [73, 28], [51, 50], [6, 95], [34, 67]]], "Pritch Slapped": [342.0, [[328, 48], [214, 162], [181, 195], [28, 348], [202, 174], [239, 137], [0, 376], [145, 231]]], "Go Bllue!": [1352.8333333333328, [[452, 917], [653, 716], [707, 662], [15, 1354], [750, 619], [544, 825], [274, 1095], [790, 579]]], "clydebaboon 1": [117.16666666666663, [[117, 21], [75, 63], [116, 22], [125, 13], [67, 71], [94, 44], [12, 126], [25, 113]]], "SirTrey 1": [1287.4499999999996, [[612, 876], [777, 711], [1193, 295], [910, 578], [306, 1182], [433, 1055], [175, 1313], [740, 748]]], "VenguswamyK": [2286.0, [[623, 1679], [1102, 1200], [291, 2011], [760, 1542], [975, 1327], [1065, 1237], [750, 1552], [575, 1727]]], "Caucasian Gary": [116.83333333333333, [[74, 49], [80, 43], [109, 14], [73, 50], [123, 0], [40, 83], [0, 123], [84, 39]]], "Koob's Krapshoot": [171.5, [[124, 77], [125, 76], [37, 164], [189, 12], [201, 0], [113, 88], [189, 12], [97, 104]]], "Dropping Hamiltons": [141.66666666666666, [[92, 56], [141, 7], [17, 131], [20, 128], [83, 65], [48, 100], [140, 8], [56, 92]]], "get murked by the merc": [246.5, [[162, 192], [147, 207], [228, 126], [278, 76], [318, 36], [265, 89], [69, 285], [94, 260]]], "Flock of Segals": [268.00000000000006, [[256, 120], [239, 137], [231, 145], [261, 115], [327, 49], [289, 87], [62, 314], [89, 287]]], "Go Cats Go": [417.1666666666666, [[216, 232], [44, 404], [339, 109], [186, 262], [348, 100], [320, 128], [209, 239], [143, 305]]], "RitterKA": [146.61666666666667, [[162, 13], [114, 61], [128, 47], [80, 95], [96, 79], [0, 175], [24, 151], [64, 111]]], "espn04121487 1": [207.6666666666667, [[125, 120], [9, 236], [129, 116], [34, 211], [172, 73], [56, 189], [162, 83], [215, 30]]], "RussB's RussBracket": [32.0, [[32, 0], [12, 20], [22, 10], [0, 32], [28, 4], [25, 7], [25, 7], [27, 5]]], "No Middle Tennessee": [785.1666666666669, [[427, 438], [40, 825], [430, 435], [655, 210], [280, 585], [263, 602], [565, 300], [435, 430]]], "MesserE": [91.0, [[59, 57], [0, 116], [2, 114], [56, 60], [82, 34], [57, 59], [92, 24], [104, 12]]], "GambinoG": [334.0, [[163, 177], [28, 312], [230, 110], [114, 226], [30, 310], [217, 123], [76, 264], [340, 0]]], "Per Stirpes ": [30.249999999999996, [[21, 21], [0, 42], [0, 42], [22, 20], [30, 12], [0, 42], [8, 34], [10, 32]]], "TimItToWinIt": [93.8333333333333, [[21, 120], [12, 129], [101, 40], [31, 110], [12, 129], [23, 118], [76, 65], [18, 123]]], "BartlettJ": [465.5, [[203, 302], [208, 297], [255, 250], [463, 42], [218, 287], [481, 24], [451, 54], [397, 108]]], "ZoneDee": [175.5, [[121, 62], [162, 21], [153, 30], [10, 173], [57, 126], [53, 130], [153, 30], [83, 100]]], "UNC_KSM ": [345.5, [[148, 208], [170, 186], [182, 174], [0, 356], [141, 215], [327, 29], [316, 40], [249, 107]]], "Dancing Space Potatoes?": [137.0, [[85, 56], [66, 75], [16, 125], [13, 128], [73, 68], [124, 17], [117, 24], [127, 14]]], "MDuval27 1": [273.6666666666667, [[171, 121], [166, 126], [162, 130], [0, 292], [87, 205], [48, 244], [256, 36], [194, 98]]], "BoyerA Nidiot": [356.66666666666663, [[283, 87], [220, 150], [190, 180], [354, 16], [204, 166], [290, 80], [158, 212], [82, 288]]], "MarkL 1": [160.0, [[89, 71], [101, 59], [24, 136], [142, 18], [148, 12], [34, 126], [0, 160], [96, 64]]], "Anti-Star Wars Bracket": [640.0, [[187, 482], [332, 337], [257, 412], [669, 0], [281, 388], [337, 332], [335, 334], [56, 613]]], "RaygorJ": [354.0, [[223, 139], [221, 141], [230, 132], [306, 56], [232, 130], [254, 108], [362, 0], [137, 225]]], "Airball at the Buzzer": [20.5, [[14, 7], [0, 21], [0, 21], [3, 18], [7, 14], [0, 21], [17, 4], [6, 15]]], "kysernj 1": [167.0, [[91, 76], [14, 153], [16, 151], [46, 121], [91, 76], [96, 71], [90, 77], [20, 147]]], "MudrakJFjordA": [270.75, [[166, 150], [21, 295], [167, 149], [88, 228], [145, 171], [287, 29], [164, 152], [75, 241]]], "Jonesin'": [133.41666666666666, [[137, 48], [93, 92], [135, 50], [137, 48], [101, 84], [0, 185], [166, 19], [101, 84]]], "reddevilWA 2": [590.2000000000002, [[393, 383], [453, 323], [673, 103], [519, 257], [356, 420], [154, 622], [539, 237], [227, 549]]], "Wesley_Wells23 1": [59.0, [[64, 0], [30, 34], [44, 20], [8, 56], [32, 32], [64, 0], [16, 48], [46, 18]]], "GarnMP": [2469.5, [[1193, 1298], [1347, 1144], [1179, 1312], [1157, 1334], [1251, 1240], [2491, 0], [1161, 1330], [1255, 1236]]], "ReiersenT": [1199.7833333333333, [[638, 622], [462, 798], [310, 950], [757, 503], [696, 564], [0, 1260], [629, 631], [547, 713]]], "Witt_B 1": [138.5, [[114, 30], [63, 81], [76, 68], [19, 125], [54, 90], [0, 144], [52, 92], [41, 103]]], "Get Well Soon @ZionNPS": [57.5, [[39, 21], [33, 27], [11, 49], [0, 60], [18, 42], [0, 60], [60, 0], [25, 35]]], "Knights and bears": [838.5, [[271, 579], [686, 164], [522, 328], [208, 642], [354, 496], [28, 822], [418, 432], [541, 309]]], "Klein Bottles": [2213.9999999999995, [[1299, 1009], [1406, 902], [987, 1321], [1534, 774], [1074, 1234], [1050, 1258], [1215, 1093], [2308, 0]]], "adalesan 1": [5.0, [[4, 2], [0, 6], [0, 6], [0, 6], [3, 3], [6, 0], [6, 0], [0, 6]]], "DineJonathan": [2.0, [[2, 0], [1, 1], [2, 0], [0, 2], [2, 0], [2, 0], [2, 0], [2, 0]]], "Hawkeye Three Pointers": [154.66666666666669, [[109, 76], [120, 65], [48, 137], [6, 179], [175, 10], [110, 75], [110, 75], [185, 0]]], "brandonetc 1": [137.0, [[101, 39], [77, 63], [116, 24], [40, 100], [57, 83], [13, 127], [87, 53], [9, 131]]], "S.D. Thompson 1": [112.0, [[74, 42], [72, 44], [116, 0], [86, 30], [78, 38], [28, 88], [80, 36], [116, 0]]], "danbraves 2": [167.0, [[90, 88], [99, 79], [160, 18], [106, 72], [178, 0], [60, 118], [122, 56], [12, 166]]], "helene23186 1": [18.666666666666668, [[21, 3], [13, 11], [18, 6], [24, 0], [0, 24], [8, 16], [24, 0], [0, 24]]], "RauscherM": [129.16666666666666, [[116, 23], [77, 62], [17, 122], [10, 129], [49, 90], [32, 107], [90, 49], [6, 133]]], "NU Transfer Portal": [2.0, [[2, 0], [1, 1], [2, 0], [2, 0], [2, 0], [0, 2], [2, 0], [0, 2]]], "Robert Sacre Bleu!": [172.83333333333334, [[113, 103], [96, 120], [201, 15], [127, 89], [152, 64], [192, 24], [114, 102], [216, 0]]],